School,Overall_G,Overall_W,Overall_L,Overall_W-L%,Overall_SRS,Overall_SOS,Conf._W,Conf._L,Home_W,Home_L,Away_W,Away_L,Points_Tm.,Points_Opp.,Totals_MP,Totals_FG,Totals_FGA,Totals_FG%,Totals_3P,Totals_3PA,Totals_3P%,Totals_FT,Totals_FTA,Totals_FT%,Totals_ORB,Totals_TRB,Totals_AST,Totals_STL,Totals_BLK,Totals_TOV,Totals_PF
Abilene Christian,23,19,4,0.826,5.19,-8.08,11,2,12,0,4,4,1776,1397,920,634,1387,0.457,178,517,0.344,330,499,0.661,261,821,415,227,73,311,449
Air Force,23,5,18,0.217,-12.16,-0.33,3,16,3,8,1,9,1372,1644,920,485,1074,0.452,167,489,0.342,235,338,0.695,102,535,287,163,53,330,381
Akron,20,14,6,0.7,3.02,-1.54,12,5,9,1,5,4,1572,1432,805,544,1205,0.451,197,578,0.341,287,382,0.751,223,774,274,100,69,244,360
Alabama A&M,12,6,6,0.5,-17.65,-15.56,4,6,5,1,1,5,785,810,490,285,697,0.409,67,235,0.285,148,237,0.624,130,475,140,69,43,188,218
Alabama-Birmingham,25,19,6,0.76,5.13,-5,11,5,15,2,4,4,1842,1512,1000,693,1521,0.456,128,426,0.3,328,480,0.683,261,920,277,208,100,258,382
Alabama State,15,4,11,0.267,-23.45,-18.05,4,11,3,5,1,6,967,1048,600,304,800,0.38,89,278,0.32,211,325,0.649,167,519,144,87,38,219,275
Alabama,25,19,6,0.76,19.64,10.48,14,2,11,1,6,3,1990,1761,1000,684,1592,0.43,268,755,0.355,354,491,0.721,299,1009,354,211,103,356,474
Albany (NY),16,7,9,0.438,-3.45,-4.14,6,6,4,5,2,4,1110,1099,640,395,883,0.447,102,303,0.337,218,301,0.724,110,480,187,98,29,201,285
Alcorn State,16,6,10,0.375,-19.4,-10.4,6,5,4,3,2,7,1054,1198,640,338,851,0.397,84,290,0.29,226,306,0.739,155,468,135,115,23,214,313
American,9,4,5,0.444,-0.24,2.21,4,5,2,2,2,3,625,647,380,223,504,0.442,79,212,0.373,100,140,0.714,73,303,116,67,46,143,177
Appalachian State,24,13,11,0.542,-6.96,-5.86,7,8,9,4,4,7,1699,1539,975,585,1389,0.421,183,587,0.312,346,466,0.742,265,860,282,187,87,284,333
Arizona State,21,10,11,0.476,7.29,7.43,7,8,7,6,2,4,1601,1604,850,560,1273,0.44,157,465,0.338,324,443,0.731,167,677,280,150,75,226,417
Arizona,25,17,8,0.68,13.28,5.72,11,8,12,4,5,4,1892,1703,1010,643,1439,0.447,166,445,0.373,440,604,0.728,298,968,387,149,100,300,445
Little Rock,25,11,14,0.44,-5.51,-4.8,7,11,7,4,2,8,1726,1715,1010,614,1346,0.456,143,458,0.312,355,504,0.704,251,864,343,159,80,378,398
Arkansas-Pine Bluff,22,3,19,0.136,-22.72,-5.58,2,11,2,3,1,16,1347,1724,885,449,1187,0.378,111,360,0.308,338,461,0.733,212,699,210,142,88,358,399
Arkansas State,22,10,12,0.455,-7.61,-5.24,7,8,9,3,1,9,1611,1538,885,573,1266,0.453,139,367,0.379,326,448,0.728,240,809,323,146,63,288,348
Arkansas,24,19,5,0.792,18.3,6.05,11,4,15,1,4,4,1978,1684,965,705,1566,0.45,185,551,0.336,383,519,0.738,295,972,358,193,128,306,407
Army,19,11,8,0.579,4.22,5.38,7,7,4,4,5,3,1359,1319,765,504,1112,0.453,156,464,0.336,195,314,0.621,160,671,273,121,30,248,300
Auburn,25,12,13,0.48,10.22,9.22,6,10,7,5,3,7,1948,1923,1010,663,1513,0.438,228,694,0.329,394,558,0.706,321,983,375,161,154,406,452
Austin Peay,26,14,12,0.538,-6.1,-7.85,10,10,8,5,4,6,1940,1820,1050,706,1558,0.453,191,556,0.344,337,448,0.752,328,888,347,179,52,380,455
Ball State,20,9,11,0.45,-1.57,-0.02,7,8,6,4,3,7,1460,1491,805,516,1168,0.442,167,480,0.348,261,355,0.735,187,717,272,113,50,293,380
Baylor,19,18,1,0.947,24.87,3.66,10,1,9,0,6,1,1614,1211,760,596,1205,0.495,196,466,0.421,226,328,0.689,242,701,329,179,74,225,320
Bellarmine,19,13,6,0.684,-1.49,-6.2,10,3,6,4,7,2,1416,1234,760,535,1042,0.513,121,327,0.37,225,300,0.75,157,588,299,135,39,210,293
Belmont,27,24,3,0.889,5.15,-8.24,18,2,11,1,10,2,2218,1858,1085,814,1646,0.495,242,704,0.344,348,469,0.742,226,967,493,208,75,322,392
Binghamton,18,4,14,0.222,-11.34,-4.45,4,10,1,9,3,5,1178,1302,735,430,1039,0.414,156,472,0.331,162,241,0.672,191,642,199,90,55,250,307
Boise State,24,18,6,0.75,10.81,0.85,14,5,11,0,6,6,1835,1569,965,647,1418,0.456,185,545,0.339,356,482,0.739,225,863,330,160,65,275,406
Boston College,17,4,13,0.235,4.19,9.78,2,9,3,5,0,5,1236,1331,685,434,1018,0.426,158,474,0.333,210,296,0.709,147,562,201,124,69,220,281
Boston University,16,6,10,0.375,0.27,5.58,6,10,1,6,5,4,1111,1196,640,399,921,0.433,115,358,0.321,198,267,0.742,170,566,162,83,43,200,270
Bowling Green State,23,14,9,0.609,2.22,-0.88,10,7,4,6,10,3,1817,1728,925,646,1511,0.428,194,581,0.334,331,447,0.74,280,869,299,167,45,239,392
Bradley,27,12,15,0.444,1.52,2,6,12,8,6,2,9,1885,1791,1090,709,1579,0.449,185,582,0.318,282,389,0.725,277,1001,371,142,96,335,442
Brigham Young,24,19,5,0.792,14.73,5.04,10,3,11,2,7,2,1887,1615,970,694,1429,0.486,215,567,0.379,284,393,0.723,229,945,405,112,68,317,423
Brown,0,0,0,,,,0,0,0,0,0,0,,,,,,,,,,,,,,,,,,,
Bryant,19,14,5,0.737,0.82,-5.29,10,4,9,0,5,5,1608,1443,760,549,1180,0.465,183,473,0.387,327,435,0.752,203,772,305,137,65,302,314
Bucknell,10,4,6,0.4,-3.05,-2.35,4,6,2,3,2,3,732,739,400,252,563,0.448,73,225,0.324,155,203,0.764,63,336,120,60,35,127,174
Buffalo,19,12,7,0.632,8.14,-1.69,10,5,6,3,5,3,1576,1382,765,599,1283,0.467,132,406,0.325,246,367,0.67,278,833,309,158,72,257,354
Butler,22,9,13,0.409,6.86,10.45,8,11,8,4,1,8,1389,1468,890,500,1217,0.411,158,480,0.329,231,364,0.635,202,718,275,123,44,257,363
Cal Poly,20,3,17,0.15,-16.72,-3.82,1,13,3,8,0,9,1228,1419,805,429,1109,0.387,127,419,0.303,243,341,0.713,166,661,244,124,76,279,375
Cal State Bakersfield,25,15,10,0.6,-1.11,-3.54,11,7,9,2,6,8,1755,1607,1005,659,1479,0.446,143,403,0.355,294,411,0.715,339,933,354,161,77,320,482
Cal State Fullerton,13,6,7,0.462,-5.67,-2.92,5,7,5,4,1,3,987,996,525,342,762,0.449,102,268,0.381,201,273,0.736,103,415,176,90,29,168,227
Cal State Northridge,19,9,10,0.474,-10.1,-3.77,5,7,4,5,4,4,1390,1486,765,486,1130,0.43,153,433,0.353,265,361,0.734,175,625,257,124,40,226,334
California Baptist,20,12,8,0.6,-6.45,-7.13,5,5,10,3,2,5,1596,1435,805,558,1176,0.474,193,487,0.396,287,395,0.727,203,755,359,97,48,265,394
UC-Davis,14,8,6,0.571,-8.91,-7.68,6,4,3,2,4,3,1040,1023,575,349,809,0.431,88,258,0.341,254,327,0.777,134,461,156,107,35,207,287
UC-Irvine,22,14,8,0.636,2.87,-1.23,11,4,10,1,4,6,1607,1395,885,607,1327,0.457,109,321,0.34,284,376,0.755,260,882,275,169,82,290,369
UC-Riverside,18,11,7,0.611,4.53,-3.58,8,5,5,4,5,3,1283,1137,730,481,1044,0.461,169,432,0.391,152,222,0.685,157,664,258,93,45,222,322
UC-San Diego,15,5,10,0.333,-8.86,1.31,2,10,5,3,0,7,1040,1063,605,379,851,0.445,162,448,0.362,120,181,0.663,89,445,247,95,33,207,203
UC-Santa Barbara,21,17,4,0.81,6.77,-2.6,13,3,9,0,8,4,1603,1317,850,585,1194,0.49,147,405,0.363,286,387,0.739,194,739,351,151,65,235,348
University of California,27,8,19,0.296,1.21,7.02,3,17,6,8,1,11,1763,1889,1080,615,1437,0.428,188,580,0.324,345,498,0.693,221,856,326,120,60,344,476
Campbell,24,15,9,0.625,-7.03,-7.75,11,6,8,3,5,6,1723,1643,975,626,1257,0.498,177,472,0.375,294,436,0.674,143,686,346,150,51,289,418
Canisius,10,6,4,0.6,-7.07,-6.87,6,4,3,1,3,3,697,699,400,237,600,0.395,74,247,0.3,149,208,0.716,105,359,132,54,34,124,179
Central Arkansas,21,4,17,0.19,-15.1,-0.55,3,10,3,4,1,13,1477,1704,840,525,1205,0.436,139,397,0.35,288,407,0.708,208,780,270,101,56,377,383
Central Connecticut State,21,5,16,0.238,-12.78,-3.93,5,13,3,6,2,9,1439,1625,840,522,1230,0.424,150,463,0.324,245,349,0.702,179,664,270,145,54,298,359
Central Florida,19,8,11,0.421,6.49,9.7,6,10,5,3,3,8,1275,1336,765,446,1040,0.429,151,411,0.367,232,319,0.727,185,631,228,125,58,284,332
Central Michigan,21,6,15,0.286,-11.4,-2.52,2,12,4,6,2,9,1611,1677,840,579,1293,0.448,136,414,0.329,317,481,0.659,226,761,228,178,60,292,355
Charleston Southern,21,3,18,0.143,-16.16,-5.66,2,15,1,9,2,8,1375,1550,845,480,1182,0.406,160,506,0.316,255,357,0.714,214,778,217,129,80,346,385
Charlotte,22,9,13,0.409,-5.57,-3.14,5,9,6,7,3,6,1392,1446,905,477,1085,0.44,125,388,0.322,313,423,0.74,146,671,260,118,65,305,324
Chattanooga,25,18,7,0.72,-0.72,-2.59,9,7,9,3,9,4,1835,1738,1010,649,1466,0.443,212,583,0.364,325,413,0.787,207,849,309,169,44,276,358
Chicago State,9,0,9,0,-31.46,1.76,0,0,0,0,0,7,499,798,360,180,497,0.362,51,203,0.251,88,126,0.698,54,234,89,49,13,140,178
Cincinnati,18,9,9,0.5,5.15,7.37,7,6,5,4,4,5,1251,1291,720,451,1053,0.428,121,401,0.302,228,348,0.655,190,653,267,118,66,263,349
Citadel,23,12,11,0.522,-6.4,-0.98,5,11,11,3,1,8,1847,1793,920,651,1445,0.451,239,665,0.359,306,443,0.691,221,865,369,125,105,278,369
Clemson,20,15,5,0.75,14.13,10.43,9,5,10,1,2,4,1307,1233,805,469,1104,0.425,158,478,0.331,211,277,0.762,176,663,255,129,57,258,320
Cleveland State,23,16,7,0.696,-3.9,-3.99,16,4,8,2,8,5,1599,1597,930,581,1304,0.446,149,470,0.317,288,434,0.664,242,785,304,168,49,302,453
Coastal Carolina,21,15,6,0.714,-2.6,-8.42,9,5,12,1,3,5,1689,1403,840,598,1290,0.464,190,512,0.371,303,420,0.721,288,911,328,177,88,311,338
Colgate,12,11,1,0.917,19.23,1.31,11,1,5,1,6,0,1028,813,485,376,755,0.498,106,276,0.384,170,226,0.752,109,475,210,87,41,126,192
College of Charleston,18,9,9,0.5,-4.3,-2.67,6,4,8,6,1,3,1266,1249,740,452,1004,0.45,148,398,0.372,214,304,0.704,147,594,190,98,52,195,314
Colorado State,19,15,4,0.789,9.42,0.03,12,3,8,1,6,3,1426,1245,760,493,1014,0.486,173,451,0.384,267,343,0.778,122,651,281,110,44,276,321
Colorado,26,19,7,0.731,17.13,6.51,13,6,10,1,6,6,1915,1639,1040,677,1480,0.457,197,535,0.368,364,438,0.831,245,903,357,140,74,290,427
Columbia,0,0,0,,,,0,0,0,0,0,0,,,,,,,,,,,,,,,,,,,
Connecticut,18,12,6,0.667,15.57,9.13,9,6,6,3,5,3,1279,1163,725,468,1073,0.436,121,358,0.338,222,312,0.712,235,678,227,115,97,216,349
Coppin State,21,9,12,0.429,-11.12,-5.51,8,4,5,3,4,9,1541,1659,840,509,1236,0.412,188,611,0.308,335,535,0.626,158,759,272,182,68,328,372
Cornell,0,0,0,,,,0,0,0,0,0,0,,,,,,,,,,,,,,,,,,,
Creighton,23,17,6,0.739,18.25,8.42,13,5,10,3,7,3,1808,1582,930,665,1373,0.484,223,608,0.367,255,388,0.657,187,823,368,169,86,258,354
Dartmouth,0,0,0,,,,0,0,0,0,0,0,,,,,,,,,,,,,,,,,,,
Davidson,19,12,7,0.632,9.87,3.65,7,4,7,4,4,1,1367,1205,765,497,1044,0.476,183,512,0.357,190,278,0.683,166,665,283,95,52,204,277
Dayton,20,12,8,0.6,6.66,4.26,8,7,8,3,3,5,1407,1359,825,496,1034,0.48,157,434,0.362,258,355,0.727,130,659,278,90,41,284,303
Delaware State,17,2,15,0.118,-24.32,-5.38,0,10,2,5,0,10,1196,1462,685,418,1061,0.394,139,447,0.311,221,318,0.695,184,604,198,107,64,284,358
Delaware,14,7,7,0.5,-3.9,-4.36,5,4,6,3,1,4,938,929,560,326,733,0.445,98,297,0.33,188,266,0.707,121,491,176,66,52,207,238
Denver,21,2,19,0.095,-17.14,-6.54,1,13,2,10,0,9,1466,1662,850,519,1172,0.443,141,403,0.35,287,398,0.721,156,636,251,120,54,311,431
DePaul,16,4,12,0.25,4.2,9.51,2,12,2,7,2,5,1049,1134,650,406,972,0.418,90,279,0.323,147,218,0.674,194,600,190,114,64,259,304
Detroit Mercy,21,12,9,0.571,-1.94,-4.65,10,6,7,5,5,4,1614,1557,845,573,1241,0.462,212,544,0.39,256,319,0.803,194,697,303,145,53,243,302
Dixie State,19,8,11,0.421,-15.38,-4.85,4,8,5,5,3,6,1339,1459,760,473,1128,0.419,115,384,0.299,278,395,0.704,185,681,296,129,35,284,396
Drake,27,24,3,0.889,10.15,-2.25,15,3,14,1,9,2,2109,1731,1090,816,1637,0.498,194,520,0.373,283,401,0.706,282,988,381,196,84,289,433
Drexel,16,9,7,0.563,-0.1,-4.41,4,5,3,2,4,5,1141,1072,640,417,884,0.472,109,320,0.341,198,255,0.776,141,536,249,84,41,209,258
Duke,20,11,9,0.55,13.65,9.35,9,7,8,5,3,4,1518,1432,805,576,1223,0.471,168,471,0.357,198,283,0.7,221,708,319,158,96,256,338
Duquesne,16,8,8,0.5,3.01,2.51,7,7,5,2,2,5,1079,1071,640,391,921,0.425,105,350,0.3,192,293,0.655,180,581,223,104,70,209,281
East Carolina,16,8,8,0.5,2.53,4.13,2,8,7,4,1,4,1078,1073,645,386,923,0.418,94,302,0.311,212,296,0.716,162,554,255,97,50,210,279
East Tennessee State,23,12,11,0.522,2.08,0.51,8,7,8,4,3,5,1608,1524,925,573,1311,0.437,184,528,0.348,278,399,0.697,238,824,278,176,56,312,407
Eastern Illinois,27,9,18,0.333,-11.93,-6.42,6,14,5,7,4,11,1874,2023,1095,707,1623,0.436,186,574,0.324,274,417,0.657,285,944,360,193,88,383,435
Eastern Kentucky,27,21,6,0.778,-1.81,-7.81,15,5,10,2,9,4,2238,2003,1100,821,1826,0.45,262,732,0.358,334,468,0.714,293,976,440,279,99,354,500
Eastern Michigan,16,5,11,0.313,-11.35,1.04,2,10,5,4,0,7,1138,1199,640,401,959,0.418,112,365,0.307,224,293,0.765,153,537,179,147,37,205,245
Eastern Washington,18,12,6,0.667,2.7,-4.48,11,2,6,1,6,5,1448,1302,720,511,1088,0.47,161,438,0.368,265,334,0.793,140,645,276,84,53,207,313
Elon,15,7,8,0.467,-7.53,-4.03,4,7,4,2,3,6,976,995,600,346,836,0.414,117,363,0.322,167,228,0.732,121,504,163,82,34,182,293
Evansville,24,9,15,0.375,-4.02,0.61,7,11,8,4,1,10,1576,1687,975,554,1250,0.443,236,620,0.381,232,323,0.718,142,639,284,117,56,263,362
Fairfield,21,6,15,0.286,-12.54,-5.11,6,10,4,8,2,7,1283,1439,845,455,1147,0.397,122,402,0.303,251,369,0.68,210,738,215,96,47,274,374
Fairleigh Dickinson,24,9,15,0.375,-7.9,-4.2,8,10,4,6,5,9,1801,1890,970,645,1432,0.45,194,517,0.375,317,445,0.712,244,813,287,182,93,340,439
Florida A&M,17,7,10,0.412,-11.55,-8.14,6,4,4,1,3,9,1103,1161,680,422,959,0.44,78,252,0.31,181,281,0.644,175,596,217,110,48,286,300
Florida Atlantic,19,10,9,0.526,-4.24,-5.31,5,5,5,1,4,7,1508,1288,765,552,1183,0.467,189,497,0.38,215,330,0.652,244,768,277,144,54,257,344
Florida Gulf Coast,16,9,7,0.563,-9.6,-6.96,4,4,7,4,2,2,1139,1086,640,424,1000,0.424,132,455,0.29,159,238,0.668,189,627,216,123,70,235,249
Florida International,25,9,16,0.36,-11.24,-3.48,2,14,7,8,2,8,1855,1914,1015,667,1540,0.433,264,783,0.337,257,384,0.669,241,819,377,212,98,369,450
Florida State,18,14,4,0.778,18.89,9.33,10,3,11,1,3,3,1426,1254,730,507,1077,0.471,149,385,0.387,263,358,0.735,215,677,272,137,92,241,327
Florida,19,13,6,0.684,16.41,10.41,9,5,6,2,5,4,1442,1328,760,515,1101,0.468,133,370,0.359,279,369,0.756,196,681,233,145,111,275,370
Fordham,13,2,11,0.154,-10.63,4.98,2,11,2,5,0,6,676,879,520,237,665,0.356,73,271,0.269,129,191,0.675,91,383,143,82,26,176,207
Fresno State,20,10,10,0.5,-4.93,-0.76,8,10,7,4,3,6,1326,1348,805,460,1074,0.428,130,412,0.316,276,421,0.656,226,719,206,135,53,285,348
Furman,24,16,8,0.667,6.66,-1.44,10,5,11,1,5,7,1900,1632,960,696,1432,0.486,230,681,0.338,278,383,0.726,218,849,400,198,83,304,414
Gardner-Webb,25,11,14,0.44,-2.91,-5.51,10,10,7,4,4,10,1780,1715,1000,628,1409,0.446,225,616,0.365,299,435,0.687,230,866,329,147,122,295,477
George Mason,20,12,8,0.6,4.1,1.57,8,6,7,3,3,4,1429,1380,825,529,1236,0.428,150,453,0.331,221,348,0.635,237,764,270,146,85,263,320
George Washington,15,4,11,0.267,-4,0.07,3,5,3,6,1,5,1046,1107,605,370,818,0.452,91,273,0.333,215,308,0.698,126,516,175,95,44,215,225
Georgetown,19,8,11,0.421,9.04,10.41,6,8,6,6,2,5,1351,1377,765,478,1126,0.425,162,446,0.363,233,308,0.756,221,767,263,111,81,307,311
Georgia Southern,25,13,12,0.52,-10.28,-6.33,7,9,9,4,4,8,1802,1700,1030,663,1476,0.449,191,590,0.324,285,446,0.639,294,921,315,206,97,364,426
Georgia State,19,14,5,0.737,-1.46,-4.46,8,4,9,1,5,4,1539,1378,780,569,1200,0.474,158,448,0.353,243,358,0.679,220,711,323,139,85,225,322
Georgia Tech,21,13,8,0.619,13.75,8.37,9,6,10,3,3,5,1582,1469,860,582,1231,0.473,167,469,0.356,251,344,0.73,166,649,343,189,71,233,327
Georgia,24,14,10,0.583,7.22,8.17,7,10,12,4,2,6,1865,1865,965,679,1481,0.458,149,474,0.314,358,515,0.695,301,907,356,203,60,400,449
Gonzaga,24,24,0,1,26.42,2.88,15,0,12,0,7,0,2229,1664,960,826,1493,0.553,173,479,0.361,404,552,0.732,232,906,449,206,72,295,406
Grambling,19,9,10,0.474,-13.88,-10.49,7,5,4,4,5,6,1248,1300,760,434,1019,0.426,91,287,0.317,289,434,0.666,155,646,257,147,60,300,338
Grand Canyon,19,14,5,0.737,1.58,-6.8,8,2,9,2,5,1,1454,1179,760,542,1089,0.498,127,388,0.327,243,357,0.681,200,760,320,90,52,255,333
Green Bay,25,8,17,0.32,-8.8,-3.88,8,12,6,6,2,11,1790,1913,1030,656,1507,0.435,170,511,0.333,308,411,0.749,228,817,352,138,90,269,405
Hampton,24,11,13,0.458,-12.69,-8.73,9,9,5,7,6,6,1669,1764,960,602,1386,0.434,182,539,0.338,283,392,0.722,189,817,286,144,147,304,407
Hartford,21,13,8,0.619,-3.89,-5.79,8,6,9,1,4,6,1380,1340,840,496,1153,0.43,161,495,0.325,227,322,0.705,175,698,236,147,41,266,339
Harvard,0,0,0,,,,0,0,0,0,0,0,,,,,,,,,,,,,,,,,,,
Hawaii,18,10,8,0.556,-3.49,-3.99,8,8,7,5,3,3,1312,1248,735,469,1049,0.447,143,395,0.362,231,330,0.7,189,658,214,105,29,243,305
High Point,23,9,14,0.391,-9.84,-7.76,6,11,5,5,4,9,1546,1594,925,547,1301,0.42,114,383,0.298,338,487,0.694,266,812,286,148,86,290,404
Hofstra,21,12,9,0.571,-0.75,-1.42,8,6,7,3,5,6,1542,1528,845,547,1232,0.444,157,479,0.328,291,397,0.733,223,744,269,140,57,259,338
Holy Cross,16,5,11,0.313,-0.52,4.92,5,11,2,7,3,4,1130,1217,645,423,951,0.445,111,312,0.356,173,248,0.698,150,521,190,108,61,206,305
Houston Baptist,20,4,16,0.2,-15.81,-3.49,3,9,3,4,1,12,1432,1633,805,512,1182,0.433,170,484,0.351,238,324,0.735,176,665,295,144,79,350,346
Houston,23,20,3,0.87,22.61,4.38,13,3,14,0,5,3,1785,1318,920,628,1425,0.441,214,595,0.36,315,429,0.734,337,950,317,201,106,255,437
Howard,5,1,4,0.2,-12.98,-1.23,0,0,1,1,0,0,363,424,200,123,283,0.435,38,123,0.309,79,110,0.718,41,177,74,26,25,72,89
Idaho State,21,12,9,0.571,-10.55,-8.36,7,5,8,3,4,4,1444,1272,850,494,1084,0.456,151,435,0.347,305,435,0.701,206,758,250,94,78,318,381
Idaho,21,1,20,0.048,-20.24,-4.33,1,17,1,9,0,11,1279,1613,850,464,1083,0.428,116,342,0.339,235,322,0.73,148,625,254,105,42,343,398
Illinois-Chicago,22,9,13,0.409,-10.8,-6.16,6,10,7,4,2,9,1489,1591,890,558,1301,0.429,178,544,0.327,195,296,0.659,183,766,297,81,68,291,409
Illinois State,24,7,17,0.292,-4.79,1.08,4,14,3,8,3,9,1739,1805,975,655,1419,0.462,191,543,0.352,238,362,0.657,200,848,333,140,81,329,397
Illinois,24,18,6,0.75,23.4,11.36,14,4,11,2,7,3,1949,1660,970,701,1400,0.501,170,446,0.381,377,548,0.688,251,965,399,137,70,327,428
Incarnate Word,18,8,10,0.444,-13.88,-8.15,5,6,5,6,3,4,1228,1253,725,434,957,0.454,142,360,0.394,218,313,0.696,135,559,230,98,32,252,324
Indiana State,23,14,9,0.609,2.64,2.23,11,7,9,3,5,6,1560,1537,920,541,1239,0.437,141,423,0.333,337,458,0.736,192,736,254,152,68,284,355
Indiana,24,12,12,0.5,15.23,13.77,7,10,6,6,3,5,1716,1681,995,595,1347,0.442,149,429,0.347,377,564,0.668,217,839,340,137,91,293,425
Iona,13,8,5,0.615,-1.64,-6.64,6,3,4,2,4,3,971,906,520,336,741,0.453,106,295,0.359,193,259,0.745,143,471,196,92,60,209,297
Iowa State,20,2,18,0.1,0.17,10.92,0,15,2,9,0,9,1324,1539,800,498,1168,0.426,146,440,0.332,182,235,0.774,165,627,228,127,68,300,370
Iowa,25,18,7,0.72,23.28,11,12,6,12,2,6,4,2117,1810,1005,745,1582,0.471,250,623,0.401,377,529,0.713,291,1011,473,137,104,238,378
Purdue-Fort Wayne,22,8,14,0.364,-10.97,-7.47,6,14,5,6,3,8,1624,1701,900,593,1183,0.501,188,474,0.397,250,361,0.693,166,685,308,147,56,380,394
IUPUI,18,8,10,0.444,-10.41,-5.8,7,9,4,5,4,5,1281,1364,720,452,1069,0.423,143,416,0.344,234,326,0.718,168,608,239,124,40,250,340
Jackson State,13,8,5,0.615,-12.22,-11.84,8,0,3,0,5,5,833,838,520,283,726,0.39,69,208,0.332,198,290,0.683,140,482,132,102,46,216,258
Jacksonville State,25,17,8,0.68,-2.75,-6.05,13,6,8,3,7,5,1868,1714,1010,675,1450,0.466,204,569,0.359,314,457,0.687,276,970,366,126,80,335,381
Jacksonville,24,11,13,0.458,-11.08,-6.67,5,9,7,5,4,8,1622,1668,965,577,1320,0.437,170,526,0.323,298,449,0.664,206,800,269,164,63,343,372
James Madison,19,13,6,0.684,0.86,-2.45,8,2,10,3,3,3,1491,1337,760,517,1139,0.454,160,461,0.347,297,447,0.664,212,711,266,142,35,233,357
Kansas State,26,7,19,0.269,-0.41,9.67,3,14,5,12,2,7,1592,1857,1040,580,1415,0.41,169,580,0.291,263,396,0.664,268,859,339,136,41,393,448
Kansas,26,18,8,0.692,17.26,10.9,12,6,12,1,4,6,1911,1717,1045,688,1563,0.44,196,569,0.344,339,475,0.714,301,1000,358,171,109,323,406
Kennesaw State,23,5,18,0.217,-14.25,-3.75,1,13,4,9,0,9,1512,1603,920,547,1308,0.418,160,511,0.313,258,387,0.667,210,782,252,130,59,326,410
Kent State,21,15,6,0.714,4.58,-1.22,12,5,9,2,6,4,1634,1469,845,590,1316,0.448,172,517,0.333,282,363,0.777,272,843,306,142,74,283,357
Kentucky,22,8,14,0.364,12.36,12.91,7,8,4,6,4,6,1534,1546,890,535,1290,0.415,131,402,0.326,333,449,0.742,267,847,261,140,137,320,401
La Salle,24,9,15,0.375,-1.88,4.56,6,11,6,3,3,11,1636,1766,965,608,1393,0.436,187,548,0.341,233,338,0.689,223,786,308,184,81,348,411
Lafayette,14,9,5,0.643,-0.6,-2.24,9,5,6,2,3,3,1081,1058,580,376,867,0.434,120,334,0.359,209,260,0.804,129,502,226,87,48,154,257
Lamar,23,6,17,0.261,-14.11,-5.42,5,10,4,5,2,11,1514,1714,930,539,1336,0.403,107,370,0.289,329,442,0.744,241,813,276,163,92,328,391
Lehigh,14,4,10,0.286,-8.23,-0.16,4,10,1,5,3,5,967,1080,565,365,839,0.435,68,214,0.318,169,241,0.701,126,488,184,83,31,182,253
Liberty,25,20,5,0.8,5.37,-5.92,11,2,13,0,5,3,1872,1472,1000,678,1380,0.491,264,674,0.392,252,328,0.768,176,838,397,114,61,241,364
Lipscomb,26,15,11,0.577,-6.16,-5.2,9,6,10,4,4,7,1862,1776,1045,663,1429,0.464,194,543,0.357,342,490,0.698,193,876,354,159,51,308,365
Cal State Long Beach,14,5,9,0.357,-12.43,-5.43,4,6,4,1,1,8,1030,1128,575,352,781,0.451,95,262,0.363,231,337,0.685,102,467,159,85,44,224,278
Long Island University,18,9,9,0.5,-5.25,-6.3,9,9,6,3,3,6,1332,1313,720,479,1155,0.415,134,467,0.287,240,360,0.667,240,705,293,152,69,259,315
Longwood,26,11,15,0.423,-7.66,-6.7,10,10,8,5,3,10,1716,1743,1040,605,1409,0.429,187,548,0.341,319,461,0.692,240,858,273,157,45,335,454
Louisiana,24,16,8,0.667,-4.37,-5.1,10,7,10,3,6,4,1782,1740,970,651,1468,0.443,171,486,0.352,309,441,0.701,287,937,311,136,112,362,423
Louisiana-Monroe,25,7,18,0.28,-9.9,-5.34,5,13,5,8,2,10,1598,1712,1005,582,1391,0.418,187,542,0.345,247,352,0.702,188,750,339,184,73,332,411
Louisiana State,22,14,8,0.636,15.05,8.09,9,6,10,2,3,6,1815,1662,885,636,1362,0.467,179,519,0.345,364,489,0.744,244,825,278,183,62,265,384
Louisiana Tech,25,19,6,0.76,7.07,-1.57,12,4,14,1,5,5,1837,1621,1000,647,1458,0.444,186,543,0.343,357,518,0.689,246,968,302,168,60,318,385
Louisville,18,13,5,0.722,12.54,9.59,8,4,9,1,4,4,1245,1192,725,454,1027,0.442,95,309,0.307,242,336,0.72,199,695,206,90,36,218,312
Loyola (IL),25,21,4,0.84,14.52,0.09,16,2,13,1,8,3,1789,1392,1010,657,1304,0.504,173,489,0.354,302,423,0.714,181,817,387,176,58,297,360
Loyola Marymount,20,12,8,0.6,4.43,2.73,7,5,8,3,4,5,1412,1378,805,485,1064,0.456,128,372,0.344,314,440,0.714,200,710,265,96,55,318,388
Loyola (MD),14,4,10,0.286,1.21,-0.29,4,10,3,4,1,6,1011,990,590,374,823,0.454,70,239,0.293,193,315,0.613,157,531,177,106,50,203,265
Maine,9,2,7,0.222,-14.52,-3.07,2,6,1,1,1,6,478,581,360,172,452,0.381,64,203,0.315,70,123,0.569,69,281,108,51,40,147,161
Manhattan,17,6,11,0.353,-10.66,-6.66,5,11,3,5,3,6,1074,1142,700,366,988,0.37,102,380,0.268,240,353,0.68,216,617,198,128,59,254,380
Marist,19,11,8,0.579,-8.28,-7.65,9,8,5,3,6,5,1205,1217,770,431,997,0.432,126,405,0.311,217,317,0.685,137,652,208,104,77,275,337
Marquette,24,11,13,0.458,9.72,9.55,6,11,6,7,5,6,1691,1687,965,589,1322,0.446,164,494,0.332,349,476,0.733,243,879,301,123,90,346,417
Marshall,19,13,6,0.684,7.45,-0.39,7,5,7,3,6,3,1540,1391,765,571,1193,0.479,176,483,0.364,222,311,0.714,160,671,311,150,96,232,293
Maryland-Baltimore County,19,14,5,0.737,0.29,-4.72,10,4,5,3,9,2,1314,1219,760,457,1043,0.438,129,387,0.333,271,381,0.711,164,694,209,101,33,246,320
Maryland-Eastern Shore,0,0,0,,,,0,0,0,0,0,0,,,,,,,,,,,,,,,,,,,
Maryland,25,15,10,0.6,16.39,13.02,9,9,11,5,4,5,1745,1622,1000,608,1326,0.459,203,570,0.356,326,461,0.707,166,842,334,125,87,274,370
Massachusetts-Lowell,21,10,11,0.476,-4.97,-2.88,7,8,3,4,5,5,1446,1490,840,514,1123,0.458,130,372,0.349,288,439,0.656,187,731,251,109,81,311,431
Massachusetts,12,7,5,0.583,5.9,1.15,6,3,4,3,3,2,922,865,495,309,743,0.416,103,323,0.319,201,273,0.736,115,425,184,87,52,148,213
McNeese State,21,10,11,0.476,-17.59,-10.99,4,9,7,3,3,8,1741,1511,840,651,1297,0.502,183,465,0.394,256,375,0.683,229,784,409,163,37,310,367
Memphis,20,14,6,0.7,12.24,2.39,10,3,10,1,3,2,1449,1252,800,529,1202,0.44,147,421,0.349,244,391,0.624,249,807,327,184,103,329,384
Mercer,25,15,10,0.6,0.61,-1.21,8,9,9,4,6,6,1942,1834,1020,723,1491,0.485,216,577,0.374,280,394,0.711,213,886,425,177,79,331,390
Merrimack,16,9,7,0.563,-6.3,-6.61,9,7,6,3,3,4,1067,1062,645,389,876,0.444,110,358,0.307,179,271,0.661,117,509,194,132,63,212,265
Miami (FL),22,7,15,0.318,3.06,8.52,3,14,6,8,1,7,1451,1571,885,523,1247,0.419,124,421,0.295,281,409,0.687,217,780,249,149,84,286,274
Miami (OH),21,11,10,0.524,-1.51,-1.86,8,8,7,4,4,6,1516,1494,840,544,1244,0.437,181,497,0.364,247,323,0.765,209,722,252,95,50,223,355
Michigan State,23,13,10,0.565,10.87,11.87,7,10,10,3,3,7,1623,1646,920,582,1359,0.428,160,484,0.331,299,409,0.731,255,869,388,101,106,305,457
Michigan,19,18,1,0.947,25.68,12.05,13,1,12,0,6,1,1498,1239,765,549,1104,0.497,149,382,0.39,249,321,0.776,179,739,306,86,90,223,280
Middle Tennessee,20,5,15,0.25,-9.27,-0.8,3,11,5,6,0,7,1266,1408,800,461,1160,0.397,155,465,0.333,189,278,0.68,193,673,206,145,45,305,327
Milwaukee,20,9,11,0.45,-7.1,-6.5,7,10,4,5,5,6,1503,1515,815,529,1204,0.439,145,438,0.331,300,410,0.732,170,694,262,116,45,223,359
Minnesota,25,13,12,0.52,13,12.8,6,12,13,3,0,9,1842,1837,1010,617,1545,0.399,183,634,0.289,425,565,0.752,292,907,352,158,114,276,465
Mississippi State,25,13,12,0.52,10.34,6.26,7,9,9,6,4,3,1741,1639,1020,646,1426,0.453,135,386,0.35,314,482,0.651,305,970,324,168,118,376,398
Mississippi Valley State,21,1,20,0.048,-39.22,-6.5,1,12,0,4,1,16,1174,1861,840,413,1170,0.353,187,574,0.326,161,280,0.575,136,632,227,94,53,384,380
Mississippi,23,13,10,0.565,11.46,6.15,8,8,8,4,5,6,1591,1469,925,580,1312,0.442,117,410,0.285,314,455,0.69,277,828,283,186,87,316,395
Missouri-Kansas City,23,11,12,0.478,-5.14,-2.99,7,7,8,3,2,8,1618,1433,920,617,1234,0.5,146,391,0.373,238,362,0.657,166,699,339,186,50,294,505
Missouri State,22,16,6,0.727,5.54,0.29,12,6,9,4,7,2,1627,1468,880,586,1214,0.483,166,482,0.344,289,390,0.741,172,806,302,108,58,284,342
Missouri,21,14,7,0.667,13.21,10.83,7,7,8,3,5,4,1552,1502,850,547,1204,0.454,142,450,0.316,316,454,0.696,205,758,280,136,78,280,413
Monmouth,17,10,7,0.588,-2.83,-5.65,10,6,7,2,3,5,1319,1271,690,449,1052,0.427,137,369,0.371,284,400,0.71,173,644,249,137,62,234,362
Montana State,18,10,8,0.556,-7.49,-6.06,7,5,4,2,6,6,1347,1301,730,469,1029,0.456,121,357,0.339,288,386,0.746,157,604,211,96,38,224,338
Montana,23,11,12,0.478,-4.14,-2.64,7,9,6,4,5,8,1610,1536,935,564,1232,0.458,121,326,0.371,361,450,0.802,181,764,291,106,57,316,468
Morehead State,27,20,7,0.741,-0.77,-4.37,17,3,12,1,8,5,1851,1713,1090,660,1443,0.457,180,520,0.346,351,523,0.671,281,1011,345,122,141,415,400
Morgan State,17,11,6,0.647,-5.02,-9.02,6,4,5,5,6,1,1366,1250,680,476,1082,0.44,144,423,0.34,270,355,0.761,225,666,268,130,60,261,353
Mount St. Mary's,20,10,10,0.5,-3.47,-4.47,9,7,6,3,4,6,1263,1243,810,463,1089,0.425,138,404,0.342,199,296,0.672,215,737,236,90,76,263,299
Murray State,25,13,12,0.52,-2,-7.7,10,10,9,4,4,8,1921,1671,1000,731,1458,0.501,207,556,0.372,252,376,0.67,228,898,425,172,87,336,414
Navy,17,15,2,0.882,5.61,0.37,12,1,8,1,6,1,1219,1130,690,438,984,0.445,103,319,0.323,240,335,0.716,192,605,207,138,40,213,285
Omaha,24,5,19,0.208,-13.16,-2.61,3,11,1,5,3,12,1612,1865,960,598,1429,0.418,122,371,0.329,294,427,0.689,203,822,228,137,71,317,453
Nebraska,23,6,17,0.261,6.8,13.03,2,14,5,9,1,8,1609,1700,925,571,1369,0.417,185,558,0.332,282,449,0.628,209,846,301,165,80,319,414
Nevada-Las Vegas,23,11,12,0.478,-1.68,0.66,8,8,8,3,3,6,1611,1545,920,606,1364,0.444,198,563,0.352,201,288,0.698,246,838,302,150,63,279,417
Nevada,23,14,9,0.609,4.17,0.58,7,7,9,2,2,7,1672,1571,920,573,1279,0.448,176,501,0.351,350,464,0.754,179,818,333,127,71,292,446
New Hampshire,19,10,9,0.526,-7.17,-5.67,9,6,5,6,5,3,1278,1266,765,452,1124,0.402,129,405,0.319,245,358,0.684,205,706,213,104,55,209,344
New Mexico State,14,7,7,0.5,-4.79,-5.88,4,6,3,2,3,5,998,913,560,343,804,0.427,120,384,0.313,192,261,0.736,162,500,178,64,28,167,245
New Mexico,20,6,14,0.3,-13.08,-2.47,1,7,0,0,3,7,1286,1406,810,489,1183,0.413,86,329,0.261,222,374,0.594,271,786,242,115,76,303,356
New Orleans,20,6,14,0.3,-11.77,-7.98,5,7,4,3,1,10,1479,1534,805,554,1194,0.464,112,343,0.327,259,359,0.721,198,703,307,144,52,338,413
Niagara,18,8,10,0.444,-6.65,-6.09,7,9,5,3,3,7,1162,1172,720,407,990,0.411,118,365,0.323,230,326,0.706,141,564,213,101,33,178,295
Nicholls State,21,15,6,0.714,-5.12,-8.97,12,2,7,1,6,5,1660,1538,850,619,1353,0.458,174,515,0.338,248,368,0.674,230,792,288,195,67,283,400
NJIT,19,7,12,0.368,-8.76,-4.71,6,10,3,5,4,6,1256,1333,770,440,1088,0.404,119,390,0.305,257,372,0.691,168,596,181,127,42,212,336
Norfolk State,20,13,7,0.65,-6.27,-9.37,8,4,6,4,6,3,1500,1419,805,511,1183,0.432,153,417,0.367,325,462,0.703,208,736,239,125,63,262,399
North Alabama,21,11,10,0.524,-11.56,-6.03,7,8,8,4,3,6,1517,1446,850,538,1280,0.42,167,507,0.329,274,372,0.737,241,826,234,124,65,300,373
North Carolina-Asheville,19,10,9,0.526,-5.4,-6.87,9,5,6,3,4,6,1407,1379,775,522,1100,0.475,157,429,0.366,206,336,0.613,179,647,246,130,86,284,357
North Carolina A&T,20,10,10,0.5,-13.7,-7.49,7,1,4,4,5,6,1405,1477,805,495,1207,0.41,125,409,0.306,290,437,0.664,221,703,269,161,54,283,352
North Carolina Central,11,4,7,0.364,-13.69,-7.59,2,4,3,1,0,6,752,780,445,269,619,0.435,78,212,0.368,136,197,0.69,95,359,140,78,30,165,232
North Carolina-Greensboro,26,18,8,0.692,3.17,-2.64,13,5,7,3,10,3,1909,1758,1045,722,1708,0.423,194,664,0.292,271,395,0.686,342,1039,321,195,103,297,479
North Carolina State,21,12,9,0.571,10.63,6.91,8,8,7,4,4,5,1536,1458,845,562,1196,0.47,139,385,0.361,273,389,0.702,207,678,273,181,93,275,345
North Carolina-Wilmington,16,7,9,0.438,-4.86,-5.33,1,6,3,4,3,4,1237,1180,645,420,942,0.446,120,350,0.343,277,362,0.765,149,515,194,97,53,177,290
North Carolina,23,15,8,0.652,14.49,9.58,9,5,9,1,3,6,1710,1597,920,629,1429,0.44,122,395,0.309,330,496,0.665,349,978,356,170,97,339,391
North Dakota State,24,13,11,0.542,-0.92,-3.04,11,5,6,2,5,7,1663,1612,965,586,1315,0.446,168,495,0.339,323,425,0.76,216,882,252,91,62,304,378
North Dakota,25,9,16,0.36,-10.65,-3.81,8,8,5,3,3,11,1722,1893,1015,600,1397,0.429,187,548,0.341,335,478,0.701,203,805,296,131,54,326,432
North Florida,22,8,14,0.364,-10.95,-4.15,6,6,5,3,3,10,1541,1657,880,548,1221,0.449,224,599,0.374,221,308,0.718,196,721,291,96,74,336,370
North Texas,20,13,7,0.65,8.5,-0.61,9,3,8,1,5,6,1451,1246,800,536,1090,0.492,158,417,0.379,221,297,0.744,165,674,277,141,54,280,316
Northeastern,17,9,8,0.529,-0.46,1.3,8,2,5,1,4,7,1147,1177,685,408,925,0.441,148,417,0.355,183,248,0.738,103,557,216,104,33,237,269
Northern Arizona,20,5,15,0.25,-15.42,-2.67,4,10,1,7,4,7,1253,1508,805,452,1092,0.414,123,362,0.34,226,332,0.681,168,570,211,109,29,231,351
Northern Colorado,19,10,9,0.526,-8.77,-5.96,6,7,6,5,4,4,1319,1285,765,468,1044,0.448,167,447,0.374,216,331,0.653,145,654,204,83,46,265,345
Northern Illinois,17,2,15,0.118,-16.99,-0.4,1,11,2,6,0,9,1042,1324,685,402,1007,0.399,89,283,0.314,149,244,0.611,213,605,188,94,56,244,309
Northern Iowa,24,9,15,0.375,-1.23,3.37,7,11,6,5,3,7,1673,1719,970,621,1401,0.443,182,551,0.33,249,364,0.684,218,856,312,150,59,313,370
Northern Kentucky,23,13,10,0.565,-5.08,-5.65,11,7,8,4,5,6,1656,1643,935,608,1346,0.452,163,523,0.312,277,395,0.701,272,792,265,152,38,292,386
Northwestern State,24,9,15,0.375,-12.83,-3.53,8,5,5,4,4,10,1715,1896,970,630,1474,0.427,173,515,0.336,282,419,0.673,247,858,308,157,75,355,465
Northwestern,21,7,14,0.333,11.14,13.54,4,13,5,6,2,8,1501,1497,850,537,1228,0.437,174,494,0.352,253,347,0.729,156,707,311,124,55,246,375
Notre Dame,22,9,13,0.409,10.2,10.33,6,10,5,4,4,8,1599,1602,880,580,1234,0.47,198,534,0.371,241,314,0.768,142,725,338,88,83,225,273
Oakland,27,10,17,0.37,-8.16,-0.75,10,10,4,4,6,11,2015,2215,1115,693,1665,0.416,232,700,0.331,397,556,0.714,312,946,396,227,48,360,406
Ohio State,25,18,7,0.72,20,12.6,12,7,10,3,7,4,1930,1745,1000,653,1410,0.463,203,558,0.364,421,545,0.772,238,899,319,115,81,262,446
Ohio,20,13,7,0.65,4.05,-1.79,9,5,8,3,4,4,1604,1473,800,592,1222,0.484,169,482,0.351,251,357,0.703,191,690,362,136,47,239,320
Oklahoma State,22,16,6,0.727,13.35,8.26,9,6,9,3,7,3,1683,1571,905,599,1313,0.456,144,427,0.337,341,481,0.709,249,870,287,167,100,349,368
Oklahoma,21,14,7,0.667,15.02,8.02,9,6,10,2,4,5,1588,1441,855,571,1290,0.443,165,497,0.332,281,379,0.741,217,780,284,152,71,229,309
Old Dominion,20,14,6,0.7,-1.65,-1.75,10,4,9,1,5,5,1388,1366,805,516,1144,0.451,98,345,0.284,258,372,0.694,203,734,259,148,69,259,311
Oral Roberts,23,13,10,0.565,-0.86,-2.16,10,5,8,3,5,7,1885,1745,920,651,1442,0.451,266,678,0.392,317,390,0.813,204,825,288,146,89,269,407
Oregon State,24,13,11,0.542,6.1,6.66,9,9,10,5,3,6,1679,1620,965,580,1367,0.424,160,470,0.34,359,470,0.764,251,827,355,148,87,268,453
Oregon,21,16,5,0.762,12.92,6.16,11,4,9,2,6,2,1537,1395,840,573,1246,0.46,167,470,0.355,224,318,0.704,202,716,276,161,81,248,335
Pacific,17,9,8,0.529,2.05,4.48,6,7,6,2,3,6,1180,1191,695,447,1027,0.435,86,286,0.301,200,297,0.673,173,589,219,108,60,202,319
Penn State,21,8,13,0.381,13.98,15.79,5,12,6,5,2,8,1520,1558,850,537,1319,0.407,188,556,0.338,258,350,0.737,254,749,274,169,52,246,379
Pennsylvania,0,0,0,,,,0,0,0,0,0,0,,,,,,,,,,,,,,,,,,,
Pepperdine,22,11,11,0.5,3.28,5.03,7,6,7,5,3,5,1675,1638,895,595,1295,0.459,154,467,0.33,331,423,0.783,177,760,356,139,67,293,415
Pittsburgh,19,9,10,0.474,9.54,7.91,5,9,6,6,3,4,1361,1330,760,481,1124,0.428,119,368,0.323,280,418,0.67,250,740,287,115,65,236,336
Portland State,19,9,10,0.474,-5.89,-6.55,6,6,7,4,2,6,1334,1245,765,472,1157,0.408,131,434,0.302,259,381,0.68,247,728,225,165,63,266,387
Portland,20,6,14,0.3,-14.3,3.87,0,11,5,8,1,6,1373,1653,805,459,1131,0.406,141,429,0.329,314,404,0.777,132,579,238,127,61,280,316
Prairie View,15,11,4,0.733,-6.14,-13.2,10,0,6,0,4,3,1051,945,600,400,890,0.449,100,327,0.306,151,225,0.671,165,515,251,160,55,210,315
Presbyterian,22,7,15,0.318,-13.56,-8.61,5,12,5,6,2,9,1411,1476,885,499,1199,0.416,128,418,0.306,285,416,0.685,248,739,235,154,49,334,440
Princeton,0,0,0,,,,0,0,0,0,0,0,,,,,,,,,,,,,,,,,,,
Providence,23,12,11,0.522,10.97,9.97,8,9,7,3,4,6,1633,1610,940,587,1352,0.434,148,444,0.333,311,432,0.72,246,824,321,131,69,269,387
Purdue,24,16,8,0.667,17.53,12.28,11,6,9,1,5,6,1702,1576,960,615,1367,0.45,172,512,0.336,300,420,0.714,262,906,339,127,80,305,421
Quinnipiac,18,8,10,0.444,-7.06,-7.11,6,8,7,4,1,4,1256,1255,735,429,1032,0.416,146,428,0.341,252,362,0.696,134,653,238,91,80,257,357
Radford,25,14,11,0.56,-5.2,-5.77,12,6,8,4,6,6,1699,1615,1020,601,1312,0.458,143,465,0.308,354,521,0.679,277,938,283,151,44,369,390
Rhode Island,24,10,14,0.417,6.83,5.96,7,10,6,3,2,9,1714,1693,980,607,1381,0.44,134,433,0.309,366,542,0.675,257,932,290,163,110,342,429
Rice,24,12,12,0.5,-4.23,-1.69,6,10,8,3,3,9,1795,1792,960,633,1436,0.441,252,699,0.361,277,383,0.723,236,890,367,131,51,361,340
Richmond,19,13,6,0.684,11.21,6.32,6,4,6,3,6,3,1439,1310,760,528,1100,0.48,147,407,0.361,236,323,0.731,124,568,287,166,40,194,292
Rider,19,5,14,0.263,-11.72,-4.88,5,11,1,6,4,8,1279,1409,760,468,1099,0.426,117,341,0.343,226,302,0.748,170,633,236,99,37,237,363
Robert Morris,19,4,15,0.211,-11.65,-3.98,3,12,3,6,1,9,1374,1494,790,518,1169,0.443,142,394,0.36,196,299,0.656,207,646,299,124,57,254,348
Rutgers,22,13,9,0.591,16.87,13.69,9,9,10,4,3,5,1562,1492,880,598,1311,0.456,138,428,0.322,228,366,0.623,223,787,316,174,118,244,381
Sacramento State,17,7,10,0.412,-8.77,-4.37,4,8,5,3,2,7,1211,1202,695,446,990,0.451,112,316,0.354,207,309,0.67,169,553,227,116,37,172,297
Sacred Heart,17,9,8,0.529,-8.62,-5.38,9,7,4,3,5,5,1210,1265,695,412,990,0.416,134,410,0.327,252,340,0.741,185,627,228,83,37,225,286
Saint Francis (PA),22,6,16,0.273,-7.95,-3.45,5,13,4,6,2,10,1515,1614,890,541,1266,0.427,129,417,0.309,304,426,0.714,228,779,282,127,47,312,378
Saint Joseph's,17,3,14,0.176,-3.24,7.58,2,9,3,3,0,9,1229,1413,705,438,1058,0.414,163,519,0.314,190,269,0.706,143,576,254,102,32,249,321
Saint Louis,17,12,5,0.706,12.8,1.63,5,4,11,1,1,4,1290,1100,680,480,1032,0.465,116,334,0.347,214,311,0.688,211,666,304,123,55,204,294
Saint Mary's (CA),21,13,8,0.619,7.73,4.92,4,6,9,3,2,3,1368,1309,840,499,1175,0.425,137,447,0.306,233,322,0.724,184,736,229,129,66,238,360
Saint Peter's,21,12,9,0.571,-3.68,-5.39,9,7,8,3,3,6,1332,1296,840,468,1171,0.4,127,397,0.32,269,396,0.679,232,787,245,170,110,310,436
Sam Houston State,24,17,7,0.708,-2.8,-3.2,11,2,11,0,6,6,1934,1704,960,684,1501,0.456,219,603,0.363,347,501,0.693,272,879,382,201,74,342,494
Samford,18,6,12,0.333,-7.38,-1.38,2,9,4,5,2,7,1401,1423,735,521,1152,0.452,144,457,0.315,215,314,0.685,209,712,275,123,43,293,379
San Diego State,23,19,4,0.826,15.42,2.1,13,3,13,2,5,2,1715,1380,925,600,1312,0.457,202,531,0.38,313,439,0.713,229,839,326,191,67,271,424
San Diego,13,3,10,0.231,-6.35,4.11,2,7,0,5,3,5,876,1012,525,332,786,0.422,80,253,0.316,132,201,0.657,103,434,176,89,44,175,244
San Francisco,23,10,13,0.435,4.85,3.02,4,9,3,5,4,6,1653,1611,920,596,1402,0.425,238,703,0.339,223,308,0.724,214,776,272,167,78,274,449
San Jose State,20,5,15,0.25,-16.71,1.18,2,12,4,6,0,8,1301,1599,800,465,1190,0.391,148,474,0.312,223,346,0.645,164,689,198,97,57,256,329
Santa Clara,17,10,7,0.588,-1.5,1.51,4,5,6,3,4,3,1147,1172,680,397,948,0.419,90,302,0.298,263,390,0.674,142,634,208,78,75,227,308
Seattle,19,10,9,0.526,-7.03,-6.09,3,4,6,3,2,5,1391,1273,765,495,1175,0.421,156,499,0.313,245,333,0.736,188,643,232,118,74,201,366
Seton Hall,23,13,10,0.565,13.06,10.28,10,7,7,3,6,6,1660,1596,930,578,1289,0.448,158,486,0.325,346,467,0.741,228,794,301,147,100,297,375
Siena,14,11,3,0.786,-2.69,-8.04,11,3,5,1,6,2,949,874,560,334,735,0.454,91,263,0.346,190,286,0.664,129,496,180,74,47,175,217
South Alabama,26,16,10,0.615,-5.91,-5.87,10,7,10,5,6,5,1927,1834,1055,668,1509,0.443,235,647,0.363,356,498,0.715,253,929,286,194,83,311,407
South Carolina State,18,1,17,0.056,-23.97,-6.64,1,7,1,6,0,11,1102,1414,720,401,1033,0.388,123,388,0.317,177,285,0.621,175,563,178,106,50,312,334
South Carolina Upstate,23,5,18,0.217,-13.29,-4.79,5,11,3,8,2,10,1515,1712,920,538,1269,0.424,171,508,0.337,268,372,0.72,186,717,276,143,57,325,426
South Carolina,18,6,12,0.333,6.51,10.18,4,10,3,5,2,6,1327,1393,720,492,1165,0.422,132,415,0.318,211,319,0.661,231,648,243,158,68,272,353
South Dakota State,21,15,6,0.714,3.37,-1.93,9,3,8,1,4,2,1678,1529,840,590,1189,0.496,171,425,0.402,327,460,0.711,155,748,285,116,62,258,343
South Dakota,23,13,10,0.565,-1.62,-3.49,11,4,7,2,5,4,1738,1657,920,619,1338,0.463,170,443,0.384,330,418,0.789,169,809,317,109,57,245,424
South Florida,18,8,10,0.444,0.84,6.43,4,8,4,5,3,3,1194,1279,725,426,1045,0.408,115,337,0.341,227,358,0.634,231,676,210,96,47,256,311
Southeast Missouri State,26,11,15,0.423,-9.59,-7.09,9,11,7,6,3,9,1810,1875,1070,610,1412,0.432,197,558,0.353,393,587,0.67,249,920,364,179,62,403,494
Southeastern Louisiana,22,7,15,0.318,-16.4,-6.95,5,9,3,4,4,11,1494,1702,890,492,1250,0.394,148,505,0.293,362,545,0.664,272,770,224,137,58,357,445
Southern California,25,19,6,0.76,16.64,7.12,13,5,12,2,6,3,1864,1626,1010,676,1463,0.462,156,452,0.345,356,548,0.65,318,1000,344,121,131,314,391
SIU Edwardsville,25,9,16,0.36,-14.34,-5.75,7,12,2,8,6,7,1648,1819,1000,596,1352,0.441,152,474,0.321,304,448,0.679,221,827,326,143,110,399,423
Southern Illinois,24,11,13,0.458,-3.36,0.69,5,13,8,5,3,8,1582,1634,970,568,1260,0.451,196,515,0.381,250,380,0.658,134,719,329,144,43,293,348
Southern Methodist,15,11,4,0.733,12.46,4.79,7,4,6,2,5,2,1114,999,600,402,879,0.457,110,324,0.34,200,271,0.738,153,559,230,92,68,208,257
Southern Mississippi,24,8,16,0.333,-6.68,-2.09,4,13,6,7,2,9,1553,1607,965,581,1338,0.434,132,407,0.324,259,384,0.674,201,847,285,140,48,337,384
Southern Utah,20,17,3,0.85,-1.01,-6.74,10,2,14,0,3,3,1712,1394,800,593,1246,0.476,184,541,0.34,342,462,0.74,233,801,296,143,49,249,338
Southern,16,8,8,0.5,-12.67,-13.29,8,4,5,2,3,5,1125,1115,650,397,913,0.435,88,272,0.324,243,358,0.679,154,586,235,127,44,255,336
St. Bonaventure,16,13,3,0.813,14.42,4.23,11,3,8,0,4,3,1138,975,640,419,917,0.457,105,283,0.371,195,268,0.728,178,596,238,94,54,180,251
St. Francis (NY),19,9,10,0.474,-7.74,-5.9,9,9,4,6,5,4,1476,1511,765,542,1215,0.446,118,356,0.331,274,373,0.735,216,688,271,153,66,229,383
St. John's (NY),24,14,10,0.583,9.86,8.02,8,9,9,3,4,6,1901,1857,970,698,1554,0.449,179,514,0.348,326,437,0.746,266,855,401,224,99,306,438
Stanford,25,14,11,0.56,9.97,7.61,10,9,5,4,6,5,1783,1724,1020,643,1349,0.477,134,411,0.326,363,508,0.715,196,856,315,175,89,376,422
Stephen F. Austin,18,14,4,0.778,-2.13,-9.26,11,2,10,0,4,4,1482,1296,730,552,1049,0.526,94,261,0.36,284,420,0.676,216,645,304,167,62,296,367
Stetson,23,10,13,0.435,-7.77,-5.17,7,9,7,5,3,8,1663,1620,925,594,1363,0.436,216,570,0.379,259,371,0.698,237,807,324,164,65,303,380
Stony Brook,23,9,14,0.391,-5.14,-3.73,7,9,5,5,4,8,1522,1509,930,543,1318,0.412,140,473,0.296,296,434,0.682,262,875,278,129,114,318,387
Syracuse,21,13,8,0.619,12.53,7.86,7,7,11,1,2,7,1602,1504,845,570,1295,0.44,163,492,0.331,299,380,0.787,227,762,315,190,100,242,303
Tarleton State,18,8,10,0.444,-10.88,-3.73,3,7,6,3,2,7,1333,1141,720,482,1024,0.471,101,270,0.374,268,375,0.715,156,571,261,197,49,206,354
Temple,15,5,10,0.333,3.89,6.95,4,10,3,5,2,5,982,1028,600,324,807,0.401,108,319,0.339,226,317,0.713,141,539,198,64,31,203,259
Tennessee-Martin,24,8,16,0.333,-18.73,-5.2,6,14,6,7,2,9,1571,1847,970,556,1393,0.399,165,495,0.333,294,409,0.719,260,775,289,172,62,343,429
Tennessee State,23,4,19,0.174,-13.34,-6.48,3,17,4,8,0,11,1573,1702,930,568,1342,0.423,138,480,0.288,299,438,0.683,215,775,268,170,73,353,478
Tennessee Tech,27,5,22,0.185,-13.21,-2.91,5,15,5,6,0,16,1797,2075,1085,656,1517,0.432,208,648,0.321,277,410,0.676,245,908,380,176,62,430,430
Tennessee,23,16,7,0.696,17.73,8.03,9,7,12,3,4,4,1674,1451,920,581,1309,0.444,154,445,0.346,358,478,0.749,241,821,344,164,107,280,378
Texas A&M-Corpus Christi,21,4,17,0.19,-16.12,-4.68,1,11,4,8,0,8,1352,1496,840,466,1110,0.42,131,398,0.329,289,416,0.695,176,704,273,136,64,356,383
Texas A&M,15,8,7,0.533,2.45,4.05,2,6,6,3,2,3,952,976,600,321,770,0.417,96,318,0.302,214,296,0.723,155,497,174,104,27,231,250
Texas-Arlington,25,13,12,0.52,-6.17,-3.62,9,8,9,4,3,8,1830,1736,1005,650,1590,0.409,225,634,0.355,305,417,0.731,293,940,343,204,115,300,411
Texas Christian,22,12,10,0.545,4.5,6.86,5,8,6,6,3,4,1508,1560,885,541,1220,0.443,154,442,0.348,270,400,0.675,215,773,295,134,81,301,342
Texas-El Paso,22,12,10,0.545,0.97,0.6,8,8,10,2,2,8,1566,1501,885,562,1312,0.428,160,480,0.333,282,378,0.746,186,754,270,138,57,240,384
Texas-Rio Grande Valley,15,9,6,0.6,-6.17,-5.9,2,2,8,1,1,5,1159,1007,600,403,962,0.419,105,335,0.313,248,386,0.642,219,620,245,152,60,218,332
Texas-San Antonio,23,13,10,0.565,-1.43,-0.43,9,7,11,2,2,8,1788,1721,920,661,1504,0.439,184,551,0.334,282,374,0.754,261,873,321,143,74,276,428
Texas Southern,18,10,8,0.556,-7.62,-8.62,7,3,6,2,4,6,1325,1265,720,487,1087,0.448,84,290,0.29,267,394,0.678,215,737,231,135,85,291,327
Texas State,24,18,6,0.75,-3.04,-6.86,12,3,8,3,9,3,1587,1467,970,601,1294,0.464,131,345,0.38,254,358,0.709,222,782,317,167,67,322,399
Texas Tech,23,15,8,0.652,16.62,6.67,7,7,9,4,5,3,1683,1454,930,577,1326,0.435,142,420,0.338,387,536,0.722,272,819,289,162,95,252,408
Texas,21,14,7,0.667,16.61,10.37,8,6,8,5,3,2,1572,1441,855,549,1234,0.445,179,526,0.34,295,428,0.689,239,831,273,137,78,288,430
Toledo,25,19,6,0.76,9.44,-0.64,14,3,11,1,7,4,2028,1776,1010,711,1556,0.457,273,712,0.383,333,425,0.784,270,947,416,155,62,283,378
Towson,17,4,13,0.235,-7.79,-1.09,3,9,4,4,0,6,1166,1280,690,417,1010,0.413,89,301,0.296,243,335,0.725,221,640,166,86,48,212,303
Troy,26,10,16,0.385,-12.14,-4.01,4,12,7,4,2,11,1670,1770,1045,586,1474,0.398,152,556,0.273,346,494,0.7,271,966,296,161,83,383,440
Tulane,20,9,11,0.45,1.31,2.96,4,11,6,5,3,6,1271,1304,800,417,1105,0.377,134,451,0.297,303,402,0.754,170,658,227,150,61,235,315
Tulsa,20,10,10,0.5,5.74,6.53,7,8,6,5,4,3,1327,1285,800,477,1082,0.441,125,422,0.296,248,367,0.676,176,677,269,128,41,268,332
UCLA,23,17,6,0.739,13.01,7.53,13,4,11,0,5,5,1678,1552,945,602,1315,0.458,157,424,0.37,317,439,0.722,228,818,317,121,60,252,361
Utah State,23,16,7,0.696,11.35,0.35,11,4,9,2,4,3,1730,1462,920,631,1390,0.454,153,447,0.342,315,434,0.726,291,933,378,165,106,322,356
Utah Valley,19,10,9,0.526,-4.52,-3.7,8,3,8,4,2,5,1447,1428,765,527,1077,0.489,102,292,0.349,291,466,0.624,205,742,347,98,92,293,379
Utah,21,10,11,0.476,8.22,6.93,7,10,7,4,3,7,1452,1425,840,533,1169,0.456,136,398,0.342,250,321,0.779,165,655,314,120,72,269,348
Valparaiso,27,10,17,0.37,-3.39,1.73,7,11,6,6,4,11,1766,1836,1090,642,1511,0.425,183,607,0.301,299,410,0.729,187,878,345,175,94,339,431
Vanderbilt,20,7,13,0.35,6.59,7.04,3,11,6,7,1,6,1460,1469,800,500,1150,0.435,190,532,0.357,270,371,0.728,211,692,262,136,51,284,360
Vermont,14,10,4,0.714,3.88,-6.84,10,4,6,2,4,2,1030,880,570,357,770,0.464,111,319,0.348,205,264,0.777,116,501,198,69,36,174,251
Villanova,19,15,4,0.789,18.58,9.31,10,3,8,0,4,3,1467,1291,765,512,1126,0.455,181,502,0.361,262,335,0.782,187,650,294,100,28,176,297
Virginia Commonwealth,23,17,6,0.739,12.21,5.16,10,4,10,2,5,3,1662,1500,925,584,1300,0.449,152,459,0.331,342,448,0.763,219,793,312,221,125,342,428
VMI,23,12,11,0.522,0.46,-0.59,7,7,11,1,1,10,1851,1734,925,648,1390,0.466,256,660,0.388,299,384,0.779,189,889,374,127,70,299,343
Virginia Tech,20,15,5,0.75,14.14,6.79,9,4,10,2,3,3,1442,1295,810,506,1123,0.451,165,467,0.353,265,377,0.703,191,706,285,93,81,234,319
Virginia,21,15,6,0.714,16.9,8.71,11,4,9,1,5,3,1445,1273,845,533,1102,0.484,182,463,0.393,197,246,0.801,132,660,295,103,85,201,275
Wagner,17,11,6,0.647,-2.8,-5.45,11,5,5,2,6,4,1227,1182,695,464,1035,0.448,105,320,0.328,194,276,0.703,208,614,225,115,45,212,355
Wake Forest,19,6,13,0.316,3.2,9.03,3,13,5,5,1,8,1261,1358,765,431,1047,0.412,166,486,0.342,233,317,0.735,170,628,215,118,44,267,320
Washington State,26,14,12,0.538,6.21,4.79,7,12,11,5,3,6,1794,1757,1070,609,1481,0.411,202,588,0.344,374,527,0.71,294,986,320,160,92,391,477
Washington,25,5,20,0.2,-0.56,9.44,4,16,4,7,1,9,1664,1914,1000,604,1443,0.419,186,565,0.329,270,384,0.703,203,778,265,148,92,341,451
Weber State,21,16,5,0.762,3.07,-6.44,11,3,10,0,6,5,1746,1455,840,608,1188,0.512,185,463,0.4,345,441,0.782,134,697,328,140,65,263,351
West Virginia,23,17,6,0.739,16.75,10.49,10,4,7,3,7,2,1773,1629,930,611,1417,0.431,167,458,0.365,384,549,0.699,307,890,321,160,62,272,375
Western Carolina,26,11,15,0.423,-6.39,-1.35,4,13,6,5,4,9,1953,2029,1065,687,1512,0.454,216,628,0.344,363,499,0.727,205,898,347,127,74,373,431
Western Illinois,21,7,14,0.333,-12.3,-4.9,5,9,2,5,4,9,1537,1660,840,528,1302,0.406,150,470,0.319,331,466,0.71,249,808,221,112,66,277,420
Western Kentucky,21,16,5,0.762,6.13,0.65,9,2,9,1,5,3,1573,1458,845,556,1208,0.46,131,379,0.346,330,420,0.786,228,802,282,143,87,306,310
Western Michigan,19,4,15,0.211,-10.01,1.94,3,11,2,8,2,7,1189,1384,760,449,1054,0.426,123,387,0.318,168,265,0.634,151,633,219,86,40,272,313
Wichita State,17,13,4,0.765,10.35,8.68,9,2,9,2,4,2,1235,1156,690,413,1024,0.403,132,401,0.329,277,395,0.701,213,661,211,98,60,198,274
William & Mary,15,6,9,0.4,-11.17,-3.17,4,6,1,3,5,6,981,1101,605,346,837,0.413,89,304,0.293,200,269,0.743,150,499,168,77,50,205,235
Winthrop,21,20,1,0.952,3.39,-7.51,17,1,8,1,10,0,1664,1435,840,586,1284,0.456,177,501,0.353,315,464,0.679,275,841,309,166,50,301,382
Wisconsin,25,16,9,0.64,18.41,11.77,10,8,11,5,5,4,1745,1579,1010,613,1461,0.42,213,596,0.357,306,405,0.756,211,857,330,155,95,224,398
Wofford,23,15,8,0.652,2.31,0.17,12,5,9,3,6,4,1723,1565,925,623,1313,0.474,236,656,0.36,241,344,0.701,208,798,338,154,46,299,367
Wright State,23,18,5,0.783,9,-6.26,16,4,9,3,9,2,1875,1524,920,681,1410,0.483,173,465,0.372,340,473,0.719,273,968,362,133,83,294,308
Wyoming,21,12,9,0.571,-3.29,-3.34,4,8,6,5,4,4,1599,1598,850,541,1225,0.442,209,601,0.348,308,429,0.718,179,689,291,121,45,240,404
Xavier,18,13,5,0.722,13.84,7.68,6,5,11,2,2,3,1377,1266,725,516,1100,0.469,140,418,0.335,205,299,0.686,165,683,330,128,78,205,272
Yale,0,0,0,,,,0,0,0,0,0,0,,,,,,,,,,,,,,,,,,,
Youngstown State,26,15,11,0.577,-8.21,-6.71,9,11,10,5,5,6,1927,1863,1050,686,1609,0.426,173,572,0.302,382,528,0.723,336,953,326,158,42,290,422